,X,Y
0,0.51141334,0.2490342
1,0.67013323,-0.5199334
2,-0.68191266,-0.2301496
3,-0.52291584,-0.17277357
4,-1.4222314,-0.36056307
5,-0.48634326,-0.7367592
6,2.8121603,-1.1945373
7,0.5799537,-0.6260761
8,-2.3375943,-1.5158542
9,0.58970183,-0.6273698
10,-2.970285,-2.3231928
11,-3.0558898,-2.3387368
12,2.098347,-0.8826276
13,-3.5659106,2.814989
14,0.54399455,0.42437258
15,2.1673033,3.3127139
16,0.4362886,1.6492254
17,0.17364971,1.3133788
18,0.9241103,0.48611167
19,-0.7327689,-0.37199602
20,2.7090895,-1.1173445
21,0.7425855,-0.6151608
22,0.5328381,1.6470283
23,0.5628377,1.6401991
24,0.4575901,1.6012744
25,-2.6295562,-1.4835219
26,-2.6066475,-1.5160877
27,0.45656925,1.6072373
28,3.416536,-1.0934919
29,0.51011,1.6257552
30,1.1133907,-1.7802906
31,-2.1603587,4.360293
32,3.433571,-1.0464584
33,3.091544,-1.1337757
34,0.516046,-0.66710395
35,0.5676416,-0.78725284
36,0.9467777,2.418044
37,2.727546,-1.2581707
38,0.5811941,0.45156184
39,0.73423016,-0.801319
40,-2.9002466,4.18513
41,0.5697685,-0.8371694
42,3.026879,0.6855358
43,0.45448256,0.55804247
44,0.5377753,0.067995824
45,-0.20135187,-0.48799312
46,0.8235869,-0.70046103
47,-3.0537906,1.0233355
48,1.3251122,-0.76517385
49,-0.3774532,-0.502312
50,-0.39696217,-0.57867783
51,0.695107,1.1981275
52,-1.2545798,-0.47134474
53,3.2053683,-1.0303854
54,3.201752,-1.0472289
55,-1.6884537,-0.04913684
56,2.7744887,-0.84911233
57,-0.7317773,-0.4021633
58,0.87060106,-0.9819099
59,-1.2532972,1.9821047
60,-1.7935444,0.27506825
61,-1.8218592,0.23879972
62,-1.8432702,0.20817074
63,0.67155755,-1.7139758
64,0.5823095,-0.9299793
65,1.7125363,-0.59533215
66,0.70309424,-3.1412044
67,0.3788184,-1.7830404
68,1.1827329,0.046846695
69,1.1856408,0.04711882
70,0.41366148,-2.6731389
71,0.52369314,-0.7382596
72,0.568744,-0.6381409
73,1.4074001,-0.600127
74,1.7083395,-0.5602776
75,1.7414956,-0.4179834
76,1.6809376,-0.5266292
77,-1.0077045,1.976075
78,-1.0256732,1.970415
79,0.23539002,2.2765205
80,1.9202545,-1.9786481
81,0.55900055,-0.8627804
82,0.7187866,1.4102217
83,0.4756652,-0.7007232
84,0.5002341,-0.71546817
85,0.4931453,-0.71001434
86,-0.3205725,-0.59985673
87,0.77448094,-0.76050246
88,0.4398787,4.0782833
89,1.3248391,-1.2870809
90,-1.2760105,-0.2130793
91,0.8706716,-4.3019085
92,-1.4216949,-0.11141398
93,-2.8796904,4.18501
94,0.223709,0.94388807
95,0.46636558,-0.56627345
96,1.1848807,0.18096331
97,2.08055,-1.3467015
98,-2.241242,-0.77373534
99,-1.4729639,-0.49589095
100,-0.7421316,1.9715213
101,-4.037385,2.531033
102,0.5162685,0.55617285
103,1.2962976,2.8154595
104,0.81008726,-0.70681185
105,-3.6171916,2.9028523
106,3.0945427,-1.0139792
107,0.77752554,-0.65027434
108,0.77752554,-0.65027434
109,0.5445141,-0.7936451
110,0.507985,-0.74313843
111,-0.35826933,-0.64782083
112,0.6695391,-1.7568909
113,3.0945427,-1.0139792
114,3.0263548,-0.88297546
115,-1.4152423,2.9839327
116,2.2833233,-3.788256
117,-0.73496187,1.0800675
118,-0.9575785,1.806686
119,-1.6446936,0.09268556
120,2.0953486,-1.6336588
121,-1.6422639,0.023177363
122,-1.9828688,4.3135924
123,0.6466892,0.040456094
124,0.62647784,-1.3887303
125,-1.067608,-0.97933704
126,-1.5635383,2.5921357
127,-1.5635383,2.5921357
128,2.7630556,-1.0955192
129,3.3130255,-0.84822327
130,0.68711436,0.15471861
131,-3.9495108,-1.9894093
132,-2.4395611,3.8402002
133,0.6368606,-0.5419631
134,1.9135559,-2.0011263
135,0.59968257,-0.37983778
136,0.53530437,-3.8326828
137,0.5849836,-3.5768702
138,0.5566636,-0.6659933
139,1.2853258,2.7860172
140,0.5615105,-0.8776482
141,-1.7310356,-0.99604106
142,-1.4373227,-0.06523719
143,0.78667134,-0.73478174
144,-2.2705023,2.97439
145,-2.3254693,-0.38733724
146,0.13338041,3.6256511
147,2.169985,2.7886505
148,-2.5746357,4.530091
149,-2.974618,3.7406137
150,0.45128858,0.4890177
151,0.73022205,-4.6089797
152,-1.7519438,3.301843
153,-3.3860035,1.6584023
154,0.75040686,-0.8351979
155,-1.760426,3.2866893
156,3.1635354,0.8038122
157,3.3123085,-1.9818963
158,0.52893347,-0.59134114
159,-0.795259,-0.51662517
160,-0.3615446,-0.63949597
161,0.61408716,-0.8473885
162,-0.69215035,3.0709832
163,0.49079734,-0.7291282
164,2.620297,0.6687423
165,0.46417284,0.06744636
166,0.3996392,-1.7754598
167,0.7595674,-0.5175696
168,2.557736,1.6071366
169,-3.6282628,2.8803523
170,-3.1009314,3.1772633
171,0.37009287,-2.5658472
172,-3.620513,3.320958
173,-1.2333646,1.9154102
174,0.4635831,0.39563575
175,1.2305754,-3.2235863
176,3.0196316,-0.95156074
177,-2.487229,3.9124353
178,0.6059779,-0.37567666
179,0.5617499,-0.78980726
180,-0.7516265,1.1376101
181,-1.3311012,2.126097
182,-2.0776691,-2.091718
183,0.5999255,-0.494456
184,0.6246482,-0.50066453
185,0.463489,0.0881838
186,1.3608358,2.8872979
187,0.8768555,2.3248522
188,-2.9245503,3.6991875
189,0.15411319,1.4089667
190,0.55408835,0.20132998
191,2.8619072,-1.0776839
192,0.65334237,-0.696851
193,3.5477705,-0.63399744
194,0.6667497,-0.8559476
195,0.6179377,0.26387045
196,0.6142857,0.27128348
197,-0.8747086,1.8597924
198,0.80252594,-0.77056086
199,0.9379903,2.4313066
200,0.9535049,2.4369895
201,0.97918606,2.4314196
202,-1.1568905,-0.38506648
203,0.53069353,0.09451417
204,0.97845733,2.4739084
205,-0.44450927,-0.74868447
206,0.63016003,-0.8731223
207,0.5117706,0.5413199
208,0.1955915,3.5838754
209,0.25663513,1.4080452
210,0.7416312,-0.46827537
211,0.73651934,-0.4709001
212,0.5639496,-0.5695691
213,0.6750635,-1.0228366
214,0.67758626,-0.3548029
215,0.61277366,-0.3760108
216,1.2086581,-3.1068103
217,-2.0887723,-2.1103551
218,0.64282995,-2.5455282
219,3.2165806,-0.50846046
220,1.7866263,-0.582981
221,0.72192967,-0.5685632
222,3.187236,-0.567497
223,-0.5503557,-0.7313942
224,3.2048223,-0.57106584
225,0.47775358,-0.5170817
226,3.1898665,-0.56578535
227,3.2089462,-0.62279075
228,0.6430353,-0.3637719
229,0.4385295,-1.8255904
230,0.46643287,-1.8196056
231,0.78663355,-0.88342214
232,0.8812672,-2.9491374
233,1.2537463,-2.827389
234,3.1000206,-1.0054873
235,2.9972274,-0.97726
236,3.0304034,-0.92692304
237,3.4408278,-1.0149133
238,3.068476,-0.9214555
239,3.0279014,-0.9644345
240,1.6604278,-0.80229187
241,1.2284826,-3.12762
242,0.5562588,-0.5212146
243,0.50803614,-0.5405491
244,0.4108863,-2.6680763
245,0.3881178,-3.0660746
246,0.29966152,-2.8648834
247,0.7428481,-0.46828523
248,0.7430565,-0.46190962
249,0.69704896,-0.32025307
250,0.5401244,-0.50962263
251,0.4683662,-0.46880668
252,0.5358076,-0.67695093
253,0.6066845,-0.719563
254,1.9456377,-1.9176625
255,1.0819886,-1.1924816
256,0.58973193,-0.52693677
257,0.6030295,-0.56201947
258,0.6552566,-0.7616251
259,1.3195043,-0.5745293
260,1.3171616,-0.5861515
261,3.0674567,-1.0381061
262,1.2677281,-0.44895017
263,1.2140085,-0.69669557
264,0.5045085,-0.6260155
265,1.2689427,-0.35860917
266,-1.8970492,0.17104599
267,-1.923875,0.043803073
268,1.3324897,-0.7457926
269,0.63029313,-0.7316377
270,1.3449943,-0.44004244
271,2.1571846,-1.1236262
272,0.6822517,-3.9288988
273,0.71125317,-0.7941928
274,0.2591192,-3.288616
275,0.2662537,-3.3781087
276,-1.8417858,0.1752949
277,-0.39343226,-0.5354527
278,-0.70994735,-1.0592675
279,1.2644553,-0.48594818
280,-1.4478507,-2.558499
281,-2.5188391,0.31811664
282,-2.3527799,-0.46409813
283,1.2692554,-1.5536239
284,-0.89717156,-0.4685166
285,-0.76569974,-0.3654681
286,-2.2494493,-2.1784966
287,0.6171426,-0.60791147
288,0.76637524,-3.0672185
289,-1.4582294,-2.169193
290,3.3427823,-1.927198
291,0.7252263,-0.8349781
292,0.7834594,-1.4802052
293,-0.7722852,-1.2590901
294,-0.8068944,-1.2316011
295,1.2693977,-0.5262267
296,1.2603645,-0.49603155
297,1.226961,-0.5739142
298,-2.1915975,-2.5767932
299,0.7904508,-3.894249
300,-2.5982907,0.37727746
301,1.1988902,-0.68695176
302,1.2676327,-0.5141521
303,0.3954451,-3.2156672
304,-1.9733315,-1.9628029
305,0.7863778,-3.616494
306,1.2731338,-0.5328833
307,0.61094713,-4.7330594
308,0.7773949,-0.8962184
309,0.5546969,-0.52752787
310,-1.7775161,-1.8519244
311,-2.4891982,0.3532854
312,-0.70308197,-0.3729134
313,-0.38911366,-0.48392734
314,-0.32210004,-0.4699739
315,0.7020968,-2.6486514
316,-4.2827024,-2.147156
317,-1.6729642,-3.009805
318,-1.1426193,-0.95622826
319,2.1425397,-1.9490572
320,-0.16343723,-0.3987827
321,2.1462739,-0.73245406
322,1.5664499,-1.0722445
323,-0.42262864,-0.5091435
324,-2.8686903,-3.40429
325,-2.5739415,0.3998967
326,-1.2303109,-1.1113015
327,1.2518064,-1.0865995
328,1.2469693,-1.5359424
329,3.248954,-1.8115605
330,0.7974926,-0.747983
331,0.61529243,-0.84774303
332,0.7830343,-0.71999824
333,1.2871526,-1.2866906
334,0.62556505,-0.7321151
335,1.2804211,-1.2949045
336,0.8582437,-0.53606206
337,-0.21331762,-0.41929772
338,0.468283,0.05466316
339,0.4462502,0.015154697
340,0.5161873,-0.7473547
341,0.47185624,0.4085048
342,-1.7362509,3.303124
343,0.5842561,-0.88607997
344,0.4639668,0.5177893
345,0.48176384,-0.59108317
346,0.46363378,-0.59130955
347,0.5405611,0.08266155
348,3.5503218,-0.60233647
349,0.042064384,4.207643
350,0.05370508,4.21265
351,0.04103826,4.2313786
352,-2.7739756,4.200877
353,-0.67255723,-0.25731286
354,0.0053355247,1.9365994
355,0.4983319,-0.6472415
356,0.41180497,-4.131352
357,3.0518909,-1.5836304
358,1.5984428,0.8271628
359,0.6935734,-0.7832884
360,0.9466181,0.5439847
361,0.9251789,0.5203636
362,0.6654328,-0.6236173
363,0.614175,-0.7309273
364,-1.1344357,-1.9682294
365,-1.1374454,1.2098354
366,0.5271866,0.1211668
367,0.33613235,4.2047777
368,0.19057636,1.5108595
369,0.36131942,1.0564026
370,0.33246183,-2.4205315
371,0.302832,-2.4379537
372,-2.7002227,4.2398095
373,-0.27230513,-0.3542907
374,0.2809261,-2.6549935
375,0.22338499,-2.522004
376,0.6363082,-0.5435203
377,0.6134635,-0.40716806
378,-2.5436957,3.9057045
379,0.68352246,-0.5208873
380,0.6568885,-0.51546484
381,4.227845,-0.9194093
382,1.1805868,0.2738376
383,1.0548915,0.22049099
384,-1.4793563,-0.22992346
385,-1.2564576,2.0934765
386,0.6841211,-0.66910064
387,0.70242655,-0.672277
388,-1.5486002,-0.7566227
389,1.0231224,1.75815
390,0.048322454,1.9171259
391,0.49926186,0.09518451
392,-1.2732728,2.1503208
393,3.1382425,-0.95031095
394,0.5760238,-3.1057775
395,-2.6162007,0.53340006
396,1.2137084,-1.8284693
397,-0.8347428,-0.43239638
398,3.280886,-0.7695789
399,0.1974525,2.2836826
400,0.43247437,0.3513724
401,1.0194446,0.65956163
402,0.6708129,-0.5216338
403,0.7102781,0.24376428
404,-0.7029555,-0.32212013
405,1.7552633,-0.4169845
406,-3.1934545,1.0370333
407,0.5910169,-0.6569683
408,0.71242917,0.14656594
409,0.57503647,-0.6638012
410,-0.35300887,-0.5431839
411,-0.79392475,3.128107
412,1.9778202,-1.6242778
413,2.109229,-0.65851355
414,0.62919116,-0.62579536
415,-1.8978401,-0.26811203
416,0.6194117,-0.47075042
417,-1.9872549,-0.39105567
418,-2.6507504,0.053815283
419,-1.1041365,-1.8476764
420,-0.7761801,3.134713
421,1.932725,3.1128533
422,-1.0539094,-1.8218488
423,0.09966765,3.9039257
424,-3.5046608,-1.2648908
425,0.24197294,-2.9492197
426,0.64056164,-0.50989556
427,0.6995882,-0.65880334
428,-1.7952511,-1.00098
429,0.68639004,-0.7741002
430,0.98571944,2.4184391
431,2.6015768,-1.0803626
432,0.6671112,-1.4983059
433,-0.30397248,-0.5964795
434,-0.7463203,1.1256016
435,0.6202385,0.41655424
436,0.31875342,1.1072239
437,0.30168957,-2.5108836
438,0.628984,-0.37994403
439,-1.7764547,-0.9574518
440,0.2752921,1.0032185
441,-1.0637496,1.2114512
442,1.9292564,3.130809
443,-3.6418157,2.9898076
444,0.61954594,-1.1343374
445,0.7515657,-0.63707477
446,1.6656147,-0.67887044
447,0.54125404,-0.66634595
448,0.5017496,-2.577106
449,-0.66110784,2.317546
450,0.51858914,-1.417921
451,0.6303281,-0.3760468
452,-3.1722872,2.0137694
453,-2.2177343,3.621803
454,-1.5735888,-0.76532185
455,0.6197595,0.031857587
456,0.38676965,-2.5397866
457,2.666266,-0.97062033
458,0.6425537,-0.7134305
459,0.49947864,-0.6681185
460,-1.7988775,4.039091
461,1.3197646,0.88087344
462,-1.5742507,-2.329643
463,-0.9443779,-1.2874861
464,1.3868637,-0.5104434
465,2.1585,-0.62691987
466,0.52058125,-0.56361586
467,0.8491076,-0.81511843
468,3.3235414,-0.74823403
469,3.1346188,-1.8235909
470,-0.43343318,-0.698516
471,-0.78188866,-0.5136816
472,-2.4414752,0.3275489
473,-2.4239085,0.23035905
474,1.2678041,-0.66814315
475,1.2519169,-0.55532825
476,0.45165962,-3.1529987
477,1.2380639,-0.6176579
478,0.57161546,-0.6473805
479,-0.7194984,-1.0641088
480,-1.0582424,-0.9334806
481,1.2362068,-1.516343
482,0.6222285,-1.4127171
483,-1.0637829,-0.9779235
484,-2.4278703,-0.53049934
485,0.32274336,-2.8500009
486,0.29231608,-2.4714005
487,0.3646512,-2.4141114
488,1.3342345,-0.48691666
489,1.9038182,-1.9538246
490,1.2268825,-0.48348424
491,-0.25468194,-0.5354585
492,0.3144117,-2.5397527
493,0.42302132,-4.250776
494,1.9882054,-1.9545456
495,0.7096456,-0.5177988
496,-0.39870977,-0.5764891
497,-0.4413296,-0.67346644
498,1.5274408,-3.4530857
499,-3.0180392,0.54511225
500,-1.4913986,-2.2321365
501,1.2728362,-0.3694343
502,-0.3138969,-0.35396576
503,0.67828774,-0.40663338
504,-1.1101027,-1.8188952
505,0.6826649,-0.5265778
506,-0.5026182,-0.20006922
507,1.2619137,-0.3687727
508,-0.52995276,-0.6180802
509,0.5250332,-2.6043541
510,0.52957416,-2.9384744
511,0.6934857,-0.5692526
512,-0.57631385,-0.30370787
513,3.182758,-0.63949597
514,1.2904216,-0.6594715
515,0.6968806,-0.8811929
516,0.678576,-0.51711833
517,0.6499146,-0.5585217
518,1.2388163,-0.6505394
519,0.5830159,-0.62724996
520,0.6444533,-0.61042887
521,0.6803417,-0.5808874
522,0.697727,-0.5553139
523,-0.5912981,-0.36240295
524,-0.32271945,-0.38631448
525,0.41332644,-1.7910315
526,0.5201014,-0.5542841
527,3.1640794,-1.8423095
528,0.53271097,-0.56339717
529,-0.3116926,-0.47210318
530,1.2608345,-0.6267489
531,1.2531652,-0.4129412
532,1.2621243,-0.45513743
533,-0.4364661,-0.49375504
534,1.3039358,-1.5521001
535,0.58751774,-0.49617794
536,0.53728175,-0.61378384
537,0.5344884,-0.66436815
538,-0.861608,-0.52245253
539,3.115487,-1.0039562
540,0.7775444,-0.726806
541,0.6905439,-0.9551146
542,0.55173033,-0.80141133
543,0.70306075,-0.58583903
544,0.66716826,-0.69878745
545,0.669302,-0.69739604
546,0.6790955,-0.7489012
547,0.69143236,-0.7690095
548,-0.3632095,-0.60493565
549,0.3998742,-2.5191126
550,1.2155179,-1.2028235
551,1.2252376,-1.182706
552,1.2230835,-1.2357866
553,0.5793247,-0.74606395
554,0.6985156,-0.60145867
555,0.70692134,-0.7674155
556,0.37766725,-2.5476305
557,1.1176836,-1.3078775
558,1.463992,-0.48133606
559,-0.33582473,-0.47333512
560,1.2290053,-1.1907269
561,1.2312789,-0.8106022
562,0.61829185,-0.7609911
563,0.55888236,-4.0503216
564,1.6372093,-0.77206457
565,0.53395134,-0.79841524
566,1.1197745,-0.86569875
567,1.2309997,-1.508748
568,0.64631313,-0.3398828
569,1.3240142,-0.39096475
570,1.3163598,-0.53511393
571,0.4800712,-0.53193676
572,-2.1869802,-2.4771135
573,1.3403943,-0.4639355
574,0.7018763,-0.5069604
575,0.66415346,-0.8898014
576,0.66841704,-0.89259726
577,0.6691153,-0.8857849
578,0.6612151,-0.8961245
579,0.80029,-0.74050224
580,0.71654415,-0.47198042
581,0.75801337,-0.53874624
582,0.87399143,-0.71704686
583,0.6625336,-1.1498631
584,1.3752459,-0.62842005
585,0.7675617,-0.4547537
586,0.8507069,-0.75916886
587,1.2022121,-0.8717177
588,0.61406106,-0.5925045
589,0.8548093,-0.83543855
590,0.6689619,-0.8856834
591,0.8119758,-0.67895436
592,0.66146463,-0.3624332
593,0.6651238,-0.3602645
594,0.68097186,-0.9024992
595,0.77013254,-1.373532
596,0.39135563,-3.1028998
597,-2.8365726,-0.28166088
598,0.56419164,-1.471254
599,-1.179744,-0.86595756
600,0.48985165,-2.5763628
601,0.5165404,-2.5681376
602,0.6345104,-0.78479636
603,0.6245334,-1.7214714
604,0.79250485,-0.6749571
605,-0.44752324,-0.74995095
606,0.75938743,-0.89332724
607,-0.4759754,-0.7485684
608,-0.44524038,-0.74273604
609,-0.44606853,-0.7540821
610,0.7715808,-0.88920975
611,-0.40758383,-0.7136771
612,0.4613673,-3.0069788
613,0.3559997,-3.1497104
614,0.79268265,-0.6836982
615,0.79721,-0.6839828
616,0.78392476,-0.778044
617,0.74240375,-1.0399134
618,0.75292194,-1.0402449
619,0.7488191,-0.9528976
620,0.74129575,-0.9533999
621,0.6985139,-2.9995275
622,0.60027593,-0.8641106
623,0.5867841,-0.71183264
624,0.62332743,-0.8155946
625,0.62332743,-0.8155946
626,0.81355464,-0.7806475
627,0.79329056,-0.47790647
628,0.7172231,-0.4074933
629,0.66208583,-0.8620215
630,0.81430304,-0.69289213
631,-2.8809712,-0.32408574
632,0.8148126,-0.6939441
633,1.3058879,-0.43375805
634,0.70519286,-0.83372843
635,0.7885425,-0.6849754
636,0.7927603,-0.6868436
637,-0.97682106,-0.5726331
638,0.7821082,-0.70924294
639,0.6188917,-1.4408394
640,0.79268265,-0.6836982
641,0.4244678,-3.3628469
642,1.1349052,-1.1481434
643,0.7640653,-0.6460422
644,0.76358616,-0.65112185
645,0.7478411,-0.46069005
646,0.66666275,-0.8355999
647,0.66640776,-0.8396242
648,0.6585406,-0.82136935
649,0.6424595,-0.8197826
650,0.7165687,-0.80780864
651,0.8064449,-0.7131039
652,0.8290174,-0.67786306
653,-0.2703178,-0.47016853
654,0.71494055,-0.4088054
655,0.6121347,-0.69900286
656,0.56162757,-0.6647894
657,1.157145,-1.2917157
658,0.7143706,-0.3831391
659,0.7160047,-0.3962708
660,0.43484116,-3.5932243
661,-0.2557323,-0.31594154
662,0.56505585,-2.4948628
663,0.6804114,-0.00081148
664,0.59432125,-0.72770774
665,0.7924932,-0.6150281
666,-4.5776443,-3.2817872
667,-1.697131,-0.3302336
668,0.6763562,-0.80460715
669,0.6627916,-0.8018561
670,0.8469918,-0.7778647
671,0.57669973,-0.6302598
672,0.66848963,-0.4072787
673,0.8279568,-0.76581407
674,0.73220694,-0.8709078
675,0.73682797,-0.86710286
676,0.7353493,-0.86951065
677,0.68218744,-0.7813655
678,0.7494554,-0.81054264
679,-5.0408926,0.13362971
680,-4.3021836,-0.88478917
681,-1.3056667,-1.8777252
682,0.6982447,-0.77202266
683,0.7700421,-0.7564255
684,0.64601856,-0.8044238
685,0.38004553,-2.4010818
686,0.505822,-0.5871296
687,0.49592555,-0.5295388
688,0.28819096,-2.427506
689,0.5994136,-0.54028785
690,1.5728717,5.346784
691,1.3403829,-0.5170002
692,-0.5810699,2.979858
693,-2.997925,-1.4950211
694,-1.3015692,2.1041753
695,-1.1972998,-0.15852347
696,-1.1972998,-0.15852347
697,0.76814294,-0.7990302
698,-0.7640213,-0.35520962
699,-0.85124195,-0.45081207
700,-1.3172996,3.3270624
701,1.243614,-0.81143856
702,1.6476305,-0.8467312
703,1.6742821,-0.78818536
704,3.0009995,-0.6277325
705,0.66757417,0.07608984
706,1.2624822,-0.44303462
707,0.68943185,-0.02698075
708,0.69010913,-0.017979167
709,-1.8760989,4.082526
710,1.2629207,0.75529563
711,-2.2733164,3.609434
712,0.64318085,0.017807074
713,-1.0387834,1.2031349
714,-0.3036009,-0.3961552
715,-1.1316197,4.0075936
716,-1.1278268,4.0282683
717,1.2082999,0.028223552
718,-0.99873567,2.1810052
719,3.008269,-0.57509196
720,1.2287228,-2.6955502
721,1.6324501,0.83787787
722,0.6756605,-0.58558476
723,0.6752715,-0.5850357
724,0.59177554,-0.6252593
725,0.5821769,-0.7331153
726,0.42679632,0.49610826
727,0.42678547,0.47494355
728,-0.7644888,-0.45682022
729,1.0045489,0.55726755
730,0.534513,-0.8476269
731,0.5655283,-0.8200437
732,1.256309,-0.96757644
733,1.3738227,-1.0553682
734,1.3681614,-1.025066
735,0.37408882,-2.596688
736,3.6396797,-1.2270273
737,0.40380347,0.41335508
738,0.49739838,0.10709608
739,2.5985215,0.15577301
740,0.60400265,-0.86032104
741,0.5807629,-0.900339
742,-0.981193,-0.6405519
743,2.9955695,-3.7670424
744,3.0563323,-3.460473
745,3.043803,-3.4456708
746,1.2534811,0.68084764
747,0.406125,0.5028324
748,1.7464244,-0.720701
749,1.7453239,-0.7141564
750,0.6480063,-0.83227736
751,1.9393904,-1.961769
752,3.3329227,-1.2728943
753,-1.6433239,1.0617405
754,0.74001473,-1.0220239
755,0.7712847,-3.4268625
756,1.276161,-1.1856138
757,3.680906,-1.171927
758,3.1493418,-0.79592824
759,1.3103558,-0.3807096
760,-0.48568273,-0.6929997
761,0.6363714,-0.8562186
762,0.56495595,-0.7139254
763,-0.78672385,-0.4557288
764,-0.7972305,-0.4695668
765,0.60671663,-0.8531091
766,0.35909694,-2.5442746
767,0.50878525,0.17529893
768,-1.5898043,2.73759
769,0.63487816,-0.41178548
770,0.51124537,0.38951758
771,1.0060691,0.6502395
772,0.6589579,-0.7753044
773,0.51566505,-0.6874479
774,-0.25475955,-0.55550635
775,1.3695145,-0.65703845
776,1.3681878,-0.66455114
777,1.3723947,-0.6718751
778,-1.8684759,-1.732108
779,1.381745,-0.7059798
780,0.52951384,-0.73892117
781,0.38614506,-2.4921627
782,2.753256,-0.75796944
783,0.24270497,4.590404
784,0.5600484,-0.37731618
785,0.71326506,-0.44600257
786,0.7748457,-0.7389561
787,0.7793784,-0.73967516
788,0.7128796,-0.5894464
789,0.7652726,-0.46399587
790,0.48806798,-0.5674641
791,0.4513327,-0.59627724
792,0.5217091,-0.77606356
793,0.48614997,0.15318963
794,0.26015162,-2.599148
795,-1.1683512,-0.17627528
796,-1.11069,-0.106888555
797,-1.1529282,-0.18268874
798,1.7545811,-0.81192756
799,1.3856695,-0.4610036
800,1.3192896,-0.8673357
801,-1.0429354,1.1775929
802,0.43104863,0.45421144
803,0.60807264,-0.79881227
804,0.64829624,-0.840009
805,0.6244192,-1.6861417
806,0.6709713,-0.6528016
807,2.834109,-0.8591961
808,2.856213,-0.8508043
809,0.65959346,0.18708411
810,1.2410789,-1.2024189
811,1.2534072,-1.170201
812,0.576986,0.43029472
813,0.4889332,-0.5996616
814,0.46035326,-0.5278807
815,0.5286792,-0.74089897
816,0.96293926,0.5157961
817,2.6773415,-1.2316009
818,0.75278693,-2.8006873
819,0.5444631,-0.6475048
820,0.64296687,-0.65110147
821,0.7506159,-0.694692
822,2.6698823,-1.1664908
823,0.6805942,-0.9194075
824,0.51589155,-0.76454866
825,1.3095403,-0.8350467
826,0.53646755,-0.79139376
827,0.59700894,0.08858336
828,0.45173967,0.43517902
829,0.60283005,-0.4245365
830,1.3332088,-0.6136405
831,1.3660618,-0.56002927
832,2.3645246,0.27326983
833,-0.19603167,-0.49601007
834,2.3571484,0.27567244
835,0.5682509,-0.8377672
836,0.45342553,0.46025977
837,0.67879117,-0.8786315
838,0.77501464,-1.0075556
839,-0.90743726,-0.6267249
840,1.1652263,1.6199688
841,3.4442823,2.0854502
842,0.5564442,0.54655963
843,-1.2475001,2.0811505
844,0.48860508,0.08456016
845,1.8159262,1.2215253
846,-0.7116798,-0.26655522
847,4.1438026,-0.71180046
848,0.64004195,-0.4547646
849,1.7389822,-0.65677774
850,0.43520248,0.43258753
851,0.63610995,-1.384576
852,0.44913983,0.07528178
853,0.53984094,-0.7816999
854,0.5099505,-0.7417114
855,0.5118592,-0.7504945
856,0.4077598,0.49147078
857,0.5368779,-0.7994739
858,-0.72695553,-0.2896702
859,-0.7853713,-0.5309846
860,0.4744768,0.12552062
861,0.4700458,0.13381204
862,0.4725222,0.14310673
863,0.61188936,-0.3909895
864,0.6268208,-0.4661439
865,-2.1697326,-2.595252
866,0.3928392,0.45049027
867,0.38720477,0.43665615
868,0.49233282,-0.6503646
869,0.39829314,0.43694648
870,0.4231152,0.37835333
871,0.5017198,0.17625204
872,-0.5136118,-0.15859786
873,0.48308933,0.114199944
874,0.5092225,-0.7208432
875,-1.6205493,0.029902793
876,0.16834302,-2.5808704
877,1.2719891,0.7937097
878,1.7716547,-0.61904013
879,0.45102358,0.1302123
880,1.7573498,-0.6600088
881,-0.49824405,-0.6742978
882,-0.41904318,-0.6182014
883,0.46337426,-0.5645162
884,0.3004008,-1.8385682
885,0.37934053,0.41019997
886,0.45871508,-0.56958175
887,3.1311615,-0.62408066
888,3.149055,-0.5921871
889,0.3918268,0.47182158
890,0.4056641,0.47747532
891,0.54780936,0.20937732
892,0.2938767,-2.5040634
893,3.1044607,-1.0006715
894,-0.7839402,-0.37031946
895,-0.610942,1.7123832
896,0.410558,-2.5143797
897,0.6472411,-1.098899
898,0.5028136,-0.67977566
899,0.21789636,1.0426646
900,0.5772811,-0.8629926
901,0.5381925,-0.7766209
902,0.579491,-0.85833585
903,0.57733524,-0.830113
904,0.5340028,0.53595203
905,0.52509767,0.5450752
906,0.95041037,0.5345107
907,0.95726824,0.54404956
908,0.95776796,0.53076017
909,0.28901446,4.053269
910,0.6894998,-0.6597357
911,0.5542306,-0.71924436
912,-0.76305616,3.0305626
913,-0.76951075,3.0407016
914,1.291157,-1.4909092
915,0.5797132,-0.73337173
916,0.7339674,-0.81334424
917,1.3685808,-0.47306553
918,0.5734285,-0.65552545
919,0.5913528,-1.4741231
920,0.6402503,0.028126188
921,0.64525646,0.044966944
922,0.6862538,0.10540313
923,0.7184025,0.05068306
924,0.72934186,0.056824066
925,0.7126441,-0.6578172
926,0.7063637,-0.63621926
927,0.6946299,-0.6063769
928,0.72751284,-0.62178236
929,0.7343094,-0.65078694
930,0.73056173,-0.6648959
931,0.5793562,-0.7512592
932,0.6779952,-0.5548788
933,0.68532926,-0.55607885
934,0.4039405,0.5048283
935,1.7974107,-0.60550773
936,-1.8019136,0.30330417
937,1.2801545,-3.026271
938,0.26415056,1.0385584
939,-1.035003,3.8495753
940,0.4364372,1.1224092
941,1.243275,-1.5299064
942,1.193805,-1.5660449
943,2.0645268,3.9971745
944,0.88115263,2.3814056
945,0.5057967,-0.7157996
946,0.45075846,0.39581475
947,0.4499836,0.38867715
948,0.44450366,0.39059034
949,-0.49628073,1.6406561
950,1.2646768,-0.6997179
951,1.3124738,-0.7859576
952,1.368557,-0.52908933
953,0.18240567,4.00258
954,-0.005127892,1.8639582
955,0.014551595,1.8814367
956,1.1323314,0.23403129
957,1.1211898,0.22828773
958,1.3549587,-0.4940353
959,1.347791,-0.5007249
960,1.1049261,0.1875113
961,0.7594286,-1.4893683
962,0.08626051,1.9390932
963,0.58240306,-0.82543707
964,-0.5457265,1.695617
965,0.5116145,0.52248096
966,0.07222687,2.0211384
967,1.3382237,-0.8927535
968,0.6479988,-0.5106675
969,0.51831305,0.5945222
970,0.58699155,0.18712083
971,0.29116368,1.0477666
972,0.7486365,-0.69495606
973,0.45639396,-0.57818186
974,0.62541884,-1.6621658
975,0.54524094,-0.35485452
976,0.6037524,-1.6619116
977,0.5165335,-0.877808
978,0.34790105,0.1894598
979,1.2947557,-0.6900219
980,0.40375912,-0.5366391
981,0.25716668,-0.87113273
982,3.1019137,-0.6279385
983,0.31586784,-1.3778921
984,0.3438993,0.5492964
985,1.1355214,0.92812705
986,1.1300933,0.8528715
987,0.29330862,-1.0058668
988,1.2579886,-3.3115396
989,-0.3480839,-2.9475913
990,0.1820019,-1.34893
991,1.216347,-3.1670527
992,-2.4670923,2.3960857
993,0.30557334,-3.1159852
994,-0.033728644,-2.727262
995,0.54852426,-0.5484885
996,1.202383,0.86767983
997,0.6538939,-1.443653
998,0.43985605,-0.48499545
999,0.37396544,-1.4415976
1000,-0.08882414,-3.0569198
1001,-0.6043744,-0.3667196
1002,-3.043348,2.9133925
1003,0.22469135,0.42380574
1004,-0.4060037,1.5244458
1005,-0.7674179,-1.2776681
1006,0.34589404,-0.8319688
1007,0.32209766,-1.2926198
1008,0.28818798,-0.6033273
1009,1.162756,-0.82546437
1010,0.2409984,-0.84901345
1011,0.3352083,0.019219257
1012,0.10424395,-1.5635107
1013,0.3068818,-1.5721349
1014,0.2386985,-0.68388855
1015,0.21608688,-0.8670041
1016,-0.817784,-0.5651407
1017,0.20779361,-0.90593755
1018,0.24567027,0.50333536
1019,0.22052921,0.5495628
1020,-0.6546067,-4.5636854
1021,1.3959689,2.0987165
1022,1.7365184,-0.7095394
1023,0.20232429,-0.84625673
1024,3.041575,-1.2860132
1025,0.7038151,-0.6613718
1026,0.45518118,0.5213798
1027,0.21206321,0.5865251
1028,0.22593643,-0.6665852
1029,0.19902767,-1.6024159
1030,-2.527531,0.1564804
1031,0.5463611,-0.42358053
1032,0.18407322,-0.75901234
1033,2.5532653,-0.9927068
1034,3.3994515,-0.9777987
1035,-2.346261,3.336483
1036,-1.349221,-1.1428808
1037,0.22390379,0.16933188
1038,0.20559074,-0.79669756
1039,0.26659036,-1.3484089
1040,0.2942599,-0.49161497
1041,0.20322944,-0.93598664
1042,-0.61072886,-0.38883117
1043,0.75118285,-0.66407233
1044,0.7327887,-0.61400956
1045,0.54845154,-0.8951849
1046,-0.70651996,-0.4787456
1047,0.37422442,0.1582748
1048,-0.7688472,-0.4932527
1049,0.19561334,0.6095662
1050,0.16400255,1.0316111
1051,-0.7260362,-1.3095493
1052,0.15936173,-0.46474174
1053,0.19708098,-0.86581564
1054,0.7379514,-0.7304683
1055,0.20239975,-0.8568382
1056,0.037979946,1.9512047
1057,0.19983132,-1.375166
1058,0.20352675,-0.81447524
1059,-0.7541938,-1.0971894
1060,1.1593026,0.92558163
1061,0.29781294,-0.69505477
1062,-0.69126034,-1.1136061
1063,-2.825514,-0.34503213
1064,-0.06704421,2.1783187
1065,0.40420735,0.15330586
1066,0.20434417,-0.84934616
1067,1.9445469,-1.9120507
1068,0.8880945,0.48039111
1069,0.2820108,0.18546277
1070,0.29255497,-1.3553202
1071,0.28212,-1.3758074
1072,0.24512745,0.58133775
1073,0.06405039,1.1775423
1074,0.47311532,0.14932066
1075,-0.14071308,-2.9730117
1076,0.5748588,-1.0662867
1077,-0.71904576,-0.4943006
1078,0.22298051,-0.77302814
1079,0.30793232,-0.7020153
1080,-1.7563367,3.2907255
1081,-0.3316282,3.8918793
1082,-0.24333666,3.5885298
1083,-0.2146105,-3.0515516
1084,0.26561993,-0.9443495
1085,0.27007532,0.57938075
1086,0.5231404,-0.7151331
1087,0.32199425,-0.69433165
1088,0.19008268,-0.9591678
1089,0.5149208,-0.7902782
1090,0.3218357,-3.4674098
1091,0.26373798,-2.8483415
1092,0.9185958,-0.3828128
1093,2.175968,-1.6832846
1094,1.1173828,-1.2774707
1095,3.0410805,-1.0212513
1096,-0.7927253,-0.63096684
1097,0.4724154,-0.8328506
1098,0.22502877,-0.83308554
1099,-0.8521239,-0.6723063
1100,-0.9674096,2.057421
1101,1.2747335,-1.0918142
1102,1.1718836,-0.98003376
1103,-1.063072,-1.1544402
1104,-0.80481184,1.1057411
1105,0.33692908,-1.7991151
1106,0.60927093,-0.82397723
1107,0.74578524,-0.70230305
1108,-2.202825,4.4105606
1109,-1.937661,0.100633
1110,-1.7934322,3.355642
1111,-1.4328338,3.0989556
1112,-1.4048733,2.9716501
1113,-0.20600782,-0.43119985
1114,-1.4048952,3.055661
1115,0.47583175,-0.5010861
1116,0.5110451,-0.50119394
1117,1.2850647,-1.0135951
1118,1.2360759,-0.8043871
1119,1.1393636,0.16949773
1120,0.5592318,0.42034337
1121,-1.6586821,-1.6102939
1122,0.5452879,-1.4281849
1123,0.7396022,-1.047479
1124,-0.67279744,-0.2472057
1125,3.2177887,-0.5626839
1126,3.1928108,-0.56203526
1127,0.62645423,-0.8113818
1128,0.6192536,-0.89023256
1129,0.86134475,-0.73272556
1130,0.6811315,-0.83390164
1131,0.43417096,1.0184783
1132,0.6504204,-0.82786345
1133,0.72355497,-1.3820966
1134,0.8007753,-1.069264
1135,0.7874636,-1.0436126
1136,2.0744655,2.561645
1137,-1.5171179,2.5356483
1138,1.2393496,2.7712529
1139,1.2960998,0.7231535
1140,0.85276693,2.2856467
1141,1.726543,-0.8749429
1142,-0.7506144,-0.2692941
1143,-0.0146443695,1.9651259
1144,0.2345589,-3.0356207
1145,1.0314658,0.54284936
1146,0.4940654,-2.7061703
1147,0.32042027,-3.02092
1148,0.4895196,0.07444397
1149,0.50386566,0.04517258
1150,0.5000185,0.043189473
1151,0.49823076,-0.66999924
1152,0.47126353,-0.59135044
1153,0.5109336,-0.6925249
1154,0.6104981,-0.5396829
1155,0.53625226,-0.6444229
1156,-0.56026006,-0.69008315
1157,-0.1821283,-0.4148536
1158,0.7041102,1.2712265
1159,0.2970249,1.0949559
1160,1.5622194,2.19931
1161,1.606348,1.0234262
1162,0.49593586,0.45379218
1163,0.35266596,-2.8197792
1164,0.695765,-0.7300118
1165,0.695765,-0.7300118
1166,0.3022253,1.3784852
1167,-1.1735983,-1.7177665
1168,0.40519798,0.37227872
1169,-0.80486834,-0.38936818
1170,3.618307,-1.7746559
1171,4.3684745,-0.7774764
1172,4.2773333,-0.85001826
1173,4.3852525,-0.6314066
1174,2.204472,0.35704526
1175,2.1614468,0.2933344
1176,1.5623637,0.95550525
1177,0.62710094,-0.7936989
1178,1.2573714,0.833502
1179,-0.4557017,-0.71874774
1180,-1.4659768,1.1173755
1181,-1.052948,1.261098
1182,-0.43178695,1.7628237
1183,0.1708522,2.366105
1184,0.16984792,2.3760993
1185,0.20559387,2.4361475
1186,-1.5330237,-0.25221238
1187,0.627489,-0.95331633
1188,0.5805791,-0.6592369
1189,0.55999637,-0.64760786
1190,0.21411835,1.418161
1191,-0.5855467,2.931104
1192,-0.50269103,-0.6382823
1193,0.65316665,-0.95065033
1194,0.5325573,-0.6098751
1195,0.7591655,-0.7747921
1196,-0.7434727,-0.5564514
1197,0.63512135,-1.1087216
1198,-0.8823523,-0.5359534
1199,0.49904865,1.138221
1200,1.1341653,0.20949912
1201,0.5539633,-1.7564507
1202,0.30060095,1.0969124
1203,-2.89942,4.185038
1204,-2.8812737,4.1647153
1205,-2.2285745,4.379797
1206,-2.246981,4.377791
1207,-1.0305237,3.9885037
1208,-3.5399919,2.7234907
1209,-2.7611737,4.1573353
1210,0.713321,-0.8440243
1211,0.733251,-0.85892725
1212,0.6937293,-0.84149545
1213,-2.1044693,-0.10369637
1214,-0.7858969,-0.27468273
1215,1.2569149,0.7056027
1216,1.0273187,0.5269527
1217,0.54842925,-0.8218088
1218,0.5430287,-0.81677926
1219,0.0019988269,1.7952285
1220,0.18115298,1.859318
1221,0.17932405,1.8638548
1222,0.17466016,1.8686424
1223,0.17466016,1.8686424
1224,-0.4557017,-0.71874774
1225,-1.4659768,1.1173755
1226,-1.052948,1.261098
1227,-1.0289465,-0.6104166
1228,1.6567037,-0.6562958
1229,0.7099637,-0.83837306
1230,0.6595682,-0.663499
1231,0.7305339,-0.86633724
1232,-1.3469981,-0.065667175
1233,0.52514046,-0.61819726
1234,-1.391307,-0.04520216
1235,-1.8653164,0.25002465
1236,0.65179765,-0.5126113
1237,-1.3029498,0.0037317649
1238,0.43166262,0.4083996
1239,0.5800989,0.13516724
1240,0.47012496,0.48299167
1241,3.381598,-0.63774633
1242,0.5144323,0.48782197
1243,-0.436799,1.6289904
1244,0.051625326,1.8688849
1245,0.5117858,0.48801062
1246,1.2518446,-3.1069026
1247,0.094149515,1.8476914
1248,-2.7912898,4.19684
1249,0.48034108,1.6457883
1250,0.62666607,-0.7972367
1251,2.8434598,-1.1833943
1252,1.356158,-0.62467825
1253,1.2907684,-0.7987125
1254,0.59149826,-0.38278157
1255,-2.07704,-0.10042336
1256,1.2927786,-0.6154728
1257,-1.4165753,-0.06373944
1258,-0.031615958,1.9435695
1259,-0.64849734,-0.74650896
1260,-0.52899146,-0.16379467
1261,0.4011944,-2.8718784
1262,-1.6083803,2.7356918
1263,-1.2577174,0.043932296
1264,-1.3391804,-0.036984704
1265,-1.1967548,0.12210647
1266,1.3359343,2.824294
1267,1.2651393,2.7255929
1268,1.2477415,2.7410808
1269,-1.1351912,1.5818229
1270,-1.2139039,0.10376058
1271,-0.8078933,-0.52802193
1272,1.3697894,2.8576446
1273,0.2618813,-2.9961355
1274,-1.2912898,-1.8980812
1275,-1.3011193,-0.0026963577
1276,0.28381193,-2.9765165
1277,0.27711618,-2.7622802
1278,-1.1970462,-1.7625996
1279,0.6792867,-1.4189426
1280,0.7617179,-1.4270142
1281,0.8013983,-0.75243825
1282,0.31984735,1.4151189
1283,-0.56908005,1.8135146
1284,-0.4951042,1.7726825
1285,0.6901573,-0.9552946
1286,1.6084894,-3.6501575
1287,-0.6605992,1.8470576
1288,0.53562117,-0.64190036
1289,0.2632209,-2.925835
1290,0.6214957,-0.45928505
1291,1.7776768,-0.7856443
1292,-4.465882,-0.32641408
1293,0.6239033,-0.75048685
1294,0.6332454,-3.2582376
1295,-2.265371,4.551617
1296,-5.0555634,-0.8167586
1297,1.3266912,-1.0307322
1298,0.68368685,-0.8848386
1299,0.7463443,-0.73309577
1300,0.7182337,-0.6894939
1301,0.69343436,-0.6440323
1302,1.3348817,-0.7221509
1303,1.3219267,-0.76801175
1304,0.59548897,-0.7290438
1305,-2.5714478,0.15436134
1306,-4.4870667,-1.1744084
1307,0.5418898,-0.6132429
1308,0.66501397,0.23356518
1309,0.7907615,-0.49614522
1310,1.3124979,2.7984543
1311,0.6011869,0.1753375
1312,-0.4873196,1.6159061
1313,-1.2020024,1.9364969
1314,0.6329442,0.21310046
1315,-3.7208948,-1.2398373
1316,0.53879213,-1.4388512
1317,0.5409753,0.5439944
1318,-1.0834168,1.4634098
1319,-0.6507182,-0.2480351
1320,-0.5534444,-0.17698762
1321,0.65822774,-0.8473314
1322,-0.5013344,-0.17189252
1323,0.61134946,-0.47499996
1324,0.47875845,-0.51678646
1325,-2.5312445,0.3718514
1326,-0.27042794,-0.4518681
1327,-2.9543817,3.7366035
1328,-2.6424644,0.3415756
1329,0.7158537,-0.64971685
1330,1.6241916,0.8647986
1331,-0.3020681,-0.4562993
1332,-1.2077718,0.1058676
1333,-0.31140232,-0.46563202
1334,-0.2746427,-0.437978
1335,-0.1531788,-0.3922648
1336,-2.4204695,3.2181785
1337,-2.3732817,3.1382987
1338,-2.3918726,3.134869
1339,1.315359,0.6978607
1340,0.57720375,0.4138684
1341,-2.4719007,3.9432185
1342,1.3762999,-0.543925
1343,1.3989404,-0.47397393
1344,1.3515369,-0.59485126
1345,0.4811585,0.5430503
1346,-1.8093817,-0.16878608
1347,1.3678362,-0.66686785
1348,1.3508053,-0.8203529
1349,-0.57237214,2.9924476
1350,-1.26807,-0.37943175
1351,0.73360866,-0.94094217
1352,0.62607634,0.100625195
1353,0.5959564,-0.8201556
1354,-3.4310372,2.1765392
1355,1.1609364,-1.7828513
1356,1.4517903,2.1502612
1357,0.5284273,0.48532197
1358,0.7043924,-1.7745999
1359,0.6760423,-0.695488
1360,-2.6491983,0.19916448
1361,0.5615918,-0.6976191
1362,0.62494874,-0.69356406
1363,0.7234268,-3.132231
1364,0.22898044,2.2944114
1365,0.21688525,2.3245127
1366,0.2509331,2.074009
1367,0.15566479,2.350578
1368,0.15594645,2.378539
1369,0.957639,0.4977874
1370,-2.407984,3.104592
1371,0.12542716,2.3774889
1372,0.08784376,2.4101636
1373,-3.6869426,2.4018164
1374,-3.6585562,2.4064114
1375,0.101107284,2.4970224
1376,1.2616494,-0.45190397
1377,0.21435542,2.269071
1378,-1.3696088,1.0347639
1379,0.49894106,0.16698614
1380,0.3659289,-2.550832
1381,1.0724514,0.1982955
1382,1.3364758,-0.5331169
1383,-1.9603693,-1.8500664
1384,-0.82311845,-0.44944564
1385,1.0191085,0.11191315
1386,-0.61734533,-0.80444425
1387,0.7505489,-0.7999559
1388,0.66293085,0.08311824
1389,0.09298824,1.8274076
1390,0.14419527,1.8436445
1391,1.0148584,0.1138402
1392,0.5950276,-0.8321786
1393,0.5916141,-0.8302382
1394,1.0812272,0.27117875
1395,1.0712895,0.2868245
1396,1.291297,-0.95202947
1397,1.2997236,-0.89605707
1398,1.2211376,-0.9670033
1399,1.3184593,-0.803318
1400,0.48293936,0.062092222
1401,1.3268378,0.7219011
1402,0.5262432,0.17427316
1403,0.5370531,0.16719404
1404,0.56645805,-0.84430563
1405,0.52883244,-2.5220177
1406,1.1200838,0.123109795
1407,0.5228832,-0.81217813
1408,1.9098032,1.2845026
1409,2.3080323,2.7296817
1410,2.0168412,1.3535241
1411,0.5521258,-0.6727754
1412,-0.55809784,-0.75585294
1413,-1.1945294,-0.5180953
1414,0.6706072,-2.633276
1415,0.6441157,-2.6550608
1416,4.2109118,-1.406046
1417,4.0599637,-1.458865
1418,1.3959037,-0.49231204
1419,0.5251466,-0.687762
1420,0.23651047,-2.7756388
1421,1.2998335,-0.883749
1422,2.3899157,1.5495838
1423,-4.8922195,-0.021791123
1424,0.64092445,-2.5575688
1425,0.57696134,-0.5629418
1426,0.58373797,-0.5672409
1427,0.5228233,-0.7668179
1428,-0.34170043,-0.39451897
1429,-0.43816805,-0.6273049
1430,0.54869866,-0.68715703
1431,0.53581643,-0.74100006
1432,0.40107554,0.47996488
1433,0.40649176,0.5250552
1434,0.48705554,0.12284783
1435,0.3811339,-2.790727
1436,0.518204,-0.7492677
1437,0.66879404,-0.55504125
1438,0.23803665,-2.6374044
1439,0.4882337,-2.7075183
1440,0.51267004,-0.65942895
1441,-0.48843396,1.6760107
1442,-1.4703139,3.9543993
1443,0.46458328,-2.5526845
1444,0.5533954,-0.77043784
1445,0.5432813,-0.74497277
1446,0.32842875,0.9991454
1447,0.31786823,0.9878464
1448,-0.4881878,1.6220769
1449,-0.5484171,-0.20198205
1450,-0.5514622,-0.20285651
1451,1.6669697,-0.49006337
1452,0.52772725,-0.7079627
1453,0.5074388,0.5211243
1454,0.5189918,-0.7099675
1455,0.6093774,-0.5776148
1456,0.6257423,-0.87129927
1457,-3.3074534,1.0287997
1458,0.60385644,0.25184008
1459,-0.5570425,1.6440313
1460,-1.1496928,-1.858998
1461,-1.5141767,-0.5732371
1462,2.8509529,0.28603086
1463,-0.639205,-0.869701
1464,-0.6472478,-0.79201585
1465,-1.4511584,3.5785618
1466,-2.7843316,2.9197214
1467,3.5199854,2.1410062
1468,0.49019307,-3.9262722
1469,0.56820166,-0.6374318
1470,-1.4514558,-0.11964478
1471,-0.6337291,-0.8828162
1472,-2.2442584,3.2900796
1473,2.5226433,1.3992914
1474,-1.3024185,2.2170708
1475,0.40400004,-2.601054
1476,-2.5182335,3.9832366
1477,-1.6028982,2.6461127
1478,0.6355509,-0.5681656
1479,0.62648547,-0.55888104
1480,2.8148093,-0.8313973
1481,0.5412451,-2.6864858
1482,-0.5812665,1.674462
1483,-0.006715223,2.0103538
1484,0.6653617,-2.7894735
1485,0.5532885,0.538133
1486,0.5054121,-0.49602714
1487,0.6061749,-0.926533
1488,0.52505445,-0.73721266
1489,-0.4945088,1.6644198
1490,0.6908743,-0.6057886
1491,0.6358456,-0.5837327
1492,-0.97374624,-0.5467209
1493,0.6535324,-0.86657935
1494,-0.8646194,-0.62075555
1495,1.2991645,-0.9510356
1496,1.3049508,-0.9698758
1497,0.5200812,0.5461566
1498,-0.5218647,1.6820594
1499,-1.7781625,-1.6845341
1500,-0.8898516,-0.5168703
1501,1.2960169,-0.8082291
1502,1.2971196,-0.80274093
1503,1.289015,-0.8708377
1504,1.2953969,-0.81128764
1505,0.6934897,-0.7889282
1506,0.59771585,-0.8375645
1507,-0.56212527,1.6767234
1508,1.3224843,-0.79914474
1509,1.3029838,-1.0028561
1510,1.313759,-0.91169333
1511,0.82081616,-0.7218262
1512,1.1516628,0.2789232
1513,-1.8018343,-1.7111185
1514,0.6519304,-0.6999308
1515,0.5973078,-0.8502027
1516,0.61121446,-0.8961632
1517,0.62666863,-0.371313
1518,-0.4759754,-0.7485684
1519,0.74315965,-0.75115514
1520,0.7134098,-0.72139436
1521,-0.50243205,1.6882064
1522,0.36180782,1.1386931
1523,2.6853287,-0.9226829
1524,4.3212223,-2.1578348
1525,0.8044146,-1.0427976
1526,0.18094777,1.8692647
1527,0.18078081,1.8589171
1528,-0.43178695,1.7628237
1529,0.1708522,2.366105
1530,0.16984792,2.3760993
1531,0.20559387,2.4361475
1532,2.6733992,0.16671067
1533,0.54872376,1.6297494
1534,0.59135175,-0.9469778
1535,-0.67364955,-0.41886535
1536,0.52369666,0.47528377
1537,-0.49206573,1.7977594
1538,-1.4878446,-0.18378308
1539,1.2643996,-0.7811272
1540,1.2595088,-0.77896374
1541,1.2632773,-0.775977
1542,-0.9504648,3.8500345
1543,-2.896019,-0.32059065
1544,0.8460299,-3.6773722
1545,1.3138084,-0.64915895
1546,1.2700635,-0.733956
1547,1.2790648,-0.67634857
1548,0.60551286,-0.6995125
1549,1.242011,-0.70847654
1550,1.1635513,-0.72042817
1551,1.245667,-0.6245011
1552,-2.3271384,3.0156906
1553,-0.7528565,-0.38171336
1554,0.7219004,-0.67810977
1555,0.723742,-0.6817124
1556,0.13912615,2.2462428
1557,0.24317695,2.171586
1558,0.18866415,2.2906845
1559,0.16179107,2.2893026
1560,0.16548215,2.2759974
1561,0.728644,-0.56870097
1562,0.54761815,-0.7072613
1563,1.361061,-0.8026023
1564,0.539358,-0.6873238
1565,0.68432033,-1.0279095
1566,0.67460144,-1.0403885
1567,1.3104172,-0.85952246
1568,1.3069457,-0.8283003
1569,1.0732911,0.2907997
1570,0.96914804,2.4636018
1571,1.3856568,-0.93728834
1572,-0.789608,-0.39029175
1573,-0.48748326,-0.5461799
1574,-1.235114,0.1542578
1575,-3.17352,1.0695709
1576,1.3045849,-0.9016827
1577,-0.77444255,-0.5663902
1578,-0.811364,3.156491
1579,-0.84145766,3.1645157
1580,1.7874644,2.8688858
1581,1.8110156,2.893144
1582,-0.65596783,2.9269302
1583,-0.36370134,-0.53058267
1584,0.6354924,-0.7227075
1585,3.0859184,-0.76945055
1586,0.29398733,-2.3072221
1587,0.42740697,0.5367129
1588,-1.0762036,-1.7395247
1589,0.29657048,3.6371725
1590,1.1385121,0.22412291
1591,0.5510931,-0.7992538
1592,0.6199058,-0.8393629
1593,0.52969676,-0.6360594
1594,0.5238327,-0.68465114
1595,0.52265793,-0.68945754
1596,-0.65562403,-0.2902244
1597,-0.75090957,-0.3742607
1598,0.15383191,2.3134434
1599,-0.30256736,-0.3972421
1600,0.647769,-0.5061741
1601,0.43844128,-1.8199334
1602,-1.8621981,-1.7850884
1603,2.6709354,-0.42900863
1604,2.7220492,-0.42087448
1605,0.37277055,-1.8358916
1606,0.19832082,2.4449294
1607,-0.81029147,-0.41782263
1608,-2.5094995,0.15381172
1609,-2.5714426,0.17476013
1610,-4.1299667,-1.8665209
1611,-4.0996675,-1.839531
1612,-1.935452,0.04280845
1613,-2.0006838,-0.045539342
1614,-1.9948672,-0.060343884
1615,-2.4197428,0.1748803
1616,-2.8379824,4.200273
1617,-2.8331876,4.206396
1618,0.6169487,-0.7486863
1619,-0.6297717,-0.31062546
1620,0.7292224,-0.78734636
1621,0.7273214,-0.7908185
1622,0.61113846,-2.8914173
1623,0.57151186,-2.9751978
1624,-0.5978707,-0.34316367
1625,0.17819403,1.4856983
1626,0.5231355,0.535634
1627,3.49026,-0.6004901
1628,0.20631008,1.3184907
1629,0.54229,-0.560814
1630,3.4170582,-0.8863226
1631,-1.0736939,1.1963824
1632,-1.5136619,-2.2469542
1633,0.58343256,0.18146673
1634,-0.7207422,-0.39921126
1635,3.1289485,-0.8686483
1636,1.540977,0.8422496
1637,-0.65273833,3.0201404
1638,-1.341605,3.4444947
1639,2.06379,0.26512206
1640,0.6850128,-0.7697513
1641,0.6769707,-0.7457565
1642,0.6800153,-0.7487416
1643,0.6768008,-0.78727984
1644,0.5233531,-0.5585437
1645,1.5936191,0.8618461
1646,2.2203577,-0.69620156
1647,0.5469179,-0.7007588
1648,0.7019874,-0.5384424
1649,0.61904395,-0.79961467
1650,2.8095171,-0.8153565
1651,-3.1982157,-2.0584702
1652,-1.356588,3.3547573
1653,1.5909008,0.86646163
1654,0.4692986,0.10806803
1655,-0.015194252,1.9474458
1656,0.2678812,1.4796251
1657,0.93674445,2.3640954
1658,0.32704622,-2.6592352
1659,0.35752118,-3.117018
1660,0.2502632,1.0169381
1661,3.652909,4.2902946
1662,4.487706,-0.71960473
1663,0.6402323,-0.44737884
1664,1.3463984,-0.6969811
1665,0.66092014,-0.46183518
1666,-0.77379864,-0.4852154
1667,0.31307745,-3.4032593
1668,0.9848013,0.54553145
1669,1.3496859,-1.5388561
1670,-2.7990272,-0.37912735
1671,1.3352294,-1.49347
1672,4.3691015,-0.7737771
1673,0.6215115,-0.9317615
1674,-0.42525566,-0.64330524
1675,3.347779,-0.77444464
1676,0.50471884,-3.2528775
1677,3.3196263,-1.6233375
1678,0.36482954,3.741728
1679,0.23111309,0.9788705
1680,-0.61821693,3.059474
1681,-3.328694,0.98889804
1682,1.1967245,-1.5286261
1683,0.6727789,1.2416582
1684,-0.5516058,1.6868751
1685,0.5388293,-0.7048125
1686,0.34443575,-3.5817714
1687,-1.093632,3.9377449
1688,1.7008518,-0.44072822
1689,0.44040507,0.5160992
1690,0.6536068,-2.5897982
1691,1.2998335,-0.883749
1692,1.2644799,-0.76813406
1693,0.63721895,-0.37388697
1694,0.3884505,-2.535241
1695,-2.0564325,-0.019049667
1696,-2.1668549,-2.4860175
1697,0.6779288,-0.5338297
1698,1.3649937,-0.57696736
1699,1.0663835,1.7628871
1700,1.0772387,1.7815412
1701,0.47154188,0.36987123
1702,0.34683067,1.0986234
1703,-0.6785436,2.9441943
1704,0.37724656,1.0839468
1705,0.27582335,1.0083405
1706,-0.33203018,-0.61682147
1707,0.7246562,-3.1486073
1708,0.48905975,-0.6978934
1709,0.30224812,1.1496094
1710,0.5884833,-0.6347407
1711,0.48768103,-0.6161368
1712,0.61370075,-0.42339614
1713,0.54271215,-0.51667607
1714,1.5975802,-3.6055129
1715,2.2005286,-0.53004307
1716,-0.7535484,-0.41053787
1717,-0.99181384,2.190464
1718,4.25043,-0.9198671
1719,3.0521383,-1.0265725
1720,0.46518886,-0.65248585
1721,0.42586964,-2.8613575
1722,-0.31153584,-0.6066785
1723,2.878381,-0.63327
1724,0.7251661,-0.52959883
1725,0.6787395,-0.8997861
1726,0.32962328,1.1786516
1727,-2.4375155,3.8725765
1728,-2.4311278,3.8602765
1729,-2.4247909,3.8473253
1730,-2.3701904,3.849017
1731,-2.9686797,-0.31735548
1732,1.3816383,-0.60810626
1733,0.06566186,1.8648306
1734,0.70892406,0.1874142
1735,2.1523535,-0.6756996
1736,0.67119676,-0.5159207
1737,-3.5899966,-2.0643363
1738,0.70464766,-0.66407263
1739,0.6709219,-0.6853276
1740,0.9947709,2.4199216
1741,-0.7741852,3.131271
1742,0.33994997,4.2215886
1743,-2.3254707,4.380957
1744,-1.1923853,2.6571867
1745,-1.6666801,-0.024684452
1746,1.275546,-1.7917401
1747,-0.91608053,-0.62102526
1748,0.39862514,0.45358875
1749,0.5835757,-0.36747047
1750,0.7476751,-0.71028745
1751,2.3842247,1.6668082
1752,-0.7383342,-0.89304805
1753,0.42065036,1.0815924
1754,1.2622235,-0.90282357
1755,0.7576647,-0.84311867
1756,-0.873278,4.3029017
1757,0.4509768,-2.683603
1758,0.6070828,-0.82698697
1759,0.7246745,-0.53835076
1760,-1.74324,3.2504914
1761,0.49537188,0.536908
1762,0.47935313,0.4439591
1763,0.51392376,0.44009313
1764,2.7090895,-1.1173445
1765,0.27195638,1.4278222
1766,-2.647064,3.9933932
1767,-3.0747359,1.7514268
1768,1.1715788,0.30952942
1769,1.1713226,0.35740837
1770,1.5622923,0.83241147
1771,1.7414956,-0.4179834
1772,-2.3082824,-0.7817266
1773,-0.8122207,3.1572733
1774,2.3408298,0.26316905
1775,2.0984783,3.1562667
1776,0.4330328,0.57219267
1777,1.1888208,-1.9377799
1778,0.42921662,0.5501361
1779,0.9556091,0.5287867
1780,0.40201062,1.1177187
1781,0.5410695,0.56623405
1782,0.5647233,0.26614127
1783,0.4425919,0.43833455
1784,0.44544703,0.45278636
1785,2.6976893,-0.620245
1786,0.579831,-0.3811062
1787,0.40209967,0.50501907
1788,1.4406432,-0.71044934
1789,1.443851,-0.6866744
1790,1.401905,-0.7747496
1791,0.50686944,-0.723964
1792,0.6937666,0.13170567
1793,1.2294998,0.09253181
1794,0.56330156,-0.84584665
1795,0.50807345,-3.1697423
1796,0.50606173,-1.8064113
1797,0.09236111,2.0364795
1798,0.42393482,0.4366553
1799,1.1899099,0.044842042
1800,1.2918518,-0.56126845
1801,0.71502817,-1.7663065
1802,0.5838577,-0.87226534
1803,0.43722004,0.11201037
1804,0.027524278,1.9040744
1805,0.024358168,1.9100689
1806,-2.0181682,0.00018642098
1807,0.3407516,1.0619141
1808,0.32155955,-3.2031286
1809,0.49998343,0.16240564
1810,-2.7559087,4.222909
1811,-0.99422914,3.8919306
1812,0.6524453,-3.4090974
1813,0.046439335,1.899737
1814,-0.70062995,-0.35826424
1815,0.4578371,0.041337408
1816,2.2328231,0.27370602
1817,-0.61962736,-0.30115363
1818,0.48193502,-0.6679883
1819,1.4559509,-0.6432495
1820,1.1983407,0.1774536
1821,1.2108101,0.16312519
1822,1.1952685,0.26109752
1823,0.48689783,0.07349009
1824,1.214093,0.20725504
1825,1.1890484,0.2685639
1826,1.1792605,0.16379052
1827,0.44094682,-2.8349223
1828,1.1834913,0.23891178
1829,-1.6376357,1.1174108
1830,-1.4663134,1.0803112
1831,1.4079583,-0.6905987
1832,-0.73495746,2.265083
1833,-1.7305491,-0.381134
1834,-2.1425488,-2.080271
1835,-0.013117984,1.8383121
1836,0.49327588,0.6148104
1837,0.78133416,1.2699269
1838,-1.0678253,1.4950565
1839,1.3952523,-0.928252
1840,0.2689678,-3.179179
1841,1.7134799,-0.84715164
1842,0.6868155,-0.783777
1843,-0.80027413,-0.4319704
1844,-0.64988756,1.7962321
1845,0.6752226,-0.8948629
1846,0.54036665,-0.525715
1847,-3.942778,2.2815855
1848,0.43940353,0.4194971
1849,2.148859,-0.57452047
1850,1.8912085,2.9724615
1851,2.793705,-0.76428854
1852,0.7200773,-0.6846514
1853,0.5305054,-0.79328334
1854,2.2040484,0.28242078
1855,1.2787936,-2.8191254
1856,2.1587753,-0.5348756
1857,0.4761634,0.14623877
1858,0.70653033,-0.5694419
1859,2.0988967,-0.40508297
1860,0.6813643,-0.5554766
1861,2.1724937,1.1162404
1862,-2.2047637,4.404509
1863,1.3095038,-3.0330524
1864,0.52719057,-1.6591016
1865,1.2863861,-3.0482397
1866,2.108329,-0.40669993
1867,0.58414435,-0.61221075
1868,1.640268,0.8804938
1869,2.2023451,0.2938172
1870,0.58508927,0.14475214
1871,2.098479,-0.4238576
1872,0.47850442,-1.8024993
1873,1.7801294,-0.57286084
1874,0.63355416,-0.3416146
1875,0.73672867,-0.886587
1876,0.67871517,0.07302735
1877,0.6324716,0.026072867
1878,0.5814841,-0.9005132
1879,0.6039225,-0.91776013
1880,0.5156735,0.17615947
1881,0.5341069,-0.5436834
1882,0.5474868,-0.9105782
1883,0.44133425,0.07582242
1884,0.5667732,-0.47690383
1885,0.6484928,-0.49357247
1886,3.1988368,-0.58151114
1887,3.1792533,-0.56026214
1888,0.5530122,-0.69655776
1889,-0.5808015,-0.77551925
1890,0.5324104,0.14332369
1891,0.44113052,0.40354183
1892,0.68696344,0.061717995
1893,0.7406021,-0.005035065
1894,-0.31848812,-0.43594766
1895,-0.29879272,-0.42791742
1896,0.64606035,0.49413827
1897,0.5674634,-0.59142524
1898,0.5993626,-0.6404381
1899,0.63458014,-0.90835464
1900,0.47945428,0.5116693
1901,0.47275817,0.5179418
1902,0.5818553,-0.94976854
1903,1.3201845,-0.63537264
1904,0.44518793,-2.4340093
1905,0.7072099,0.11955417
1906,0.5922904,-0.38644642
1907,0.6193443,-0.4371625
1908,0.4724412,-0.5459958
1909,0.56897736,-0.8848996
1910,-0.8490562,-0.48066258
1911,0.4720782,-0.6636736
1912,0.62669396,-0.5107861
1913,-0.5038452,-0.67285424
1914,0.4433676,0.078310914
1915,0.3922236,0.44364348
1916,0.35213125,1.0016279
1917,-1.6141646,2.7125528
1918,0.58772826,-0.77565783
1919,0.55387247,-0.7124131
1920,0.2352138,1.3820785
1921,0.63181496,-0.5558514
1922,-1.2486979,2.0139196
1923,0.45285642,-1.4525396
1924,0.7302935,-0.5424265
1925,-0.81586206,-0.43137288
1926,-0.14938413,-0.41780484
1927,0.4811648,0.5426242
1928,0.4941314,0.43430337
1929,0.4952278,-0.79386127
1930,-1.3213409,-0.007959925
1931,0.5624021,-0.94556296
1932,1.3442731,-0.5764708
1933,1.3094432,-0.68253314
1934,1.3357508,-0.5606018
1935,0.5248342,-0.5845256
1936,1.2982061,-0.6192603
1937,1.3366065,-0.81011605
1938,0.78805995,-3.0588424
1939,0.8091966,-3.0163512
1940,-2.2363422,2.9676068
1941,0.96781373,2.4686024
1942,1.7936742,-0.692317
1943,0.6728478,-0.8019726
1944,-2.2625716,2.3260086
1945,0.44370127,-2.654638
1946,0.42206168,-0.50276595
1947,1.2675247,0.78147143
1948,1.2610292,0.7940447
1949,1.022405,1.5264453
1950,1.2606324,0.75864017
1951,0.40100032,0.44329688
1952,-1.0533938,1.2078279
1953,0.4865582,0.09574572
1954,0.5549671,-0.69680345
1955,0.7722939,-0.86287814
1956,1.5726217,0.94148207
1957,1.6198261,0.9991689
1958,1.6206837,0.9232023
1959,3.4193695,2.1113346
1960,3.693395,-1.0798914
1961,0.63862336,-2.7102547
1962,0.04255043,1.8984863
1963,0.71526766,-1.0718924
1964,0.64142454,0.26248208
1965,1.3898805,-1.090262
1966,0.47041994,-2.8437502
1967,1.7651856,-0.53605217
1968,1.2639245,0.90385485
1969,0.514103,-0.6744405
1970,0.4071015,-1.7818257
1971,0.40578908,-1.7916929
1972,0.38656163,-1.8003908
1973,0.452227,-1.7029995
1974,2.2073882,-0.44447654
1975,-0.36500454,-0.49928945
1976,1.5478649,2.02621
1977,-0.8781864,-0.49984887
1978,-1.0836296,-0.2026445
1979,-3.0680292,0.9671445
1980,-0.7014266,-0.41528654
1981,2.078438,-0.9928913
1982,0.13398793,2.2543554
1983,1.0970408,0.13821903
1984,-0.29844177,-0.38257465
1985,0.092311636,2.4841363
1986,2.6948218,0.19178444
1987,1.0547065,0.21787402
1988,0.09866916,2.498343
1989,1.0580567,0.2343128
1990,1.0857196,0.1802831
1991,-0.43848765,-0.6111058
1992,-3.4841378,-1.2073504
1993,-3.5386555,-1.2796963
1994,-3.4906647,-1.2643241
1995,-3.5280046,-1.2812546
1996,0.66602826,-1.431872
1997,0.52424836,-0.74020207
1998,0.6224389,-0.42016834
1999,0.67203903,-1.4504818
2000,-1.061317,1.2012187
2001,0.5914025,-0.9433248
2002,1.1713226,0.35740837
2003,-2.9486504,-1.7284676
2004,0.4648769,0.40810713
2005,0.45768172,0.409102
2006,-4.8581543,-0.64577895
2007,-0.7443762,-1.0209925
2008,0.3951388,-2.5615904
2009,2.7671812,-1.0779301
2010,0.6774107,-0.57809246
2011,-2.136981,-2.365063
2012,0.37461054,-2.5870621
2013,0.45061523,-2.4355001
2014,1.3339263,-0.71455574
2015,0.39744896,0.55200076
2016,1.250588,-1.5212303
2017,1.2948108,-0.44517896
2018,0.40835375,-1.8269956
2019,0.43758374,0.56130254
2020,-2.5452225,0.20245215
2021,-2.6588354,-0.027186893
2022,3.1784332,-0.9476789
2023,-4.744425,-1.5518532
2024,0.45408255,-0.6090854
2025,0.45172644,-0.60573256
2026,-0.31043482,-0.61404777
2027,-2.2705238,2.9662948
2028,-2.655344,0.5979779
2029,-1.0852867,1.2135063
2030,0.6833453,0.14888209
2031,0.51693916,1.5827814
2032,3.784742,-1.5687727
2033,-2.9389975,-1.7631259
2034,-1.5160666,-2.3076587
2035,-2.099557,-0.8500286
2036,2.3451796,-3.918629
2037,0.48111498,0.40148988
2038,0.59366035,-0.7104155
2039,0.42734134,0.39939854
2040,0.55146015,-1.6420233
2041,-0.5898285,-0.23960659
2042,-0.53804994,-0.22278166
2043,-0.5382087,-0.21981338
2044,-0.546687,-0.2262483
2045,-1.2253714,-1.214543
2046,-1.2148378,-1.2138108
2047,-1.752297,3.2866254
2048,-1.9952903,-0.03591951
2049,0.2595268,-2.58986
2050,-0.41794074,-0.6428437
2051,-1.5869598,-0.57465464
2052,-0.41612077,-0.85092306
2053,2.4116838,3.5767496
2054,-1.107924,-0.88977444
2055,0.6573204,0.28553388
2056,-0.6936064,3.1539464
2057,1.7447323,-0.866765
2058,-1.128911,-1.9384521
2059,0.67112267,-0.6640775
2060,-0.5644474,-0.6858654
2061,0.48475623,-0.5732422
2062,0.4495237,-0.5467126
2063,0.42146552,-2.9409053
2064,0.32165998,1.0232668
2065,0.53055143,-0.6033012
2066,-2.3320198,-0.7886084
2067,0.7888086,-0.6709064
2068,0.6263198,-0.84928954
2069,0.51046777,-0.6751511
2070,0.5477076,-0.7139662
2071,0.5367582,-0.6184901
2072,-2.411104,3.216888
2073,-2.4056156,3.8120134
2074,-2.7819471,4.1952586
2075,-0.8168608,3.7798927
2076,-4.4272156,-1.2047776
2077,0.6330593,-0.8429528
2078,-1.1932857,4.0303006
2079,0.72604096,-0.79968
2080,0.32519656,1.4481331
2081,0.30523384,-2.7634008
2082,-1.4056263,-0.6329598
2083,1.1939131,-1.8264023
2084,1.184654,-1.7695571
2085,2.6759496,0.25401503
2086,2.740652,-1.0434501
2087,2.763713,-0.7296193
2088,2.7742374,-0.836736
2089,-2.328141,3.199952
2090,0.30872637,3.5010245
2091,0.5948532,-0.6925471
2092,0.592663,-0.70757604
2093,0.59572023,-0.70645404
2094,0.6045426,-0.7016931
2095,0.69940627,-0.5429106
2096,0.55411124,-0.616084
2097,0.5241507,0.5199277
2098,0.36250103,1.02245
2099,2.7487261,-0.9666946
2100,0.710304,-0.9501755
2101,0.48941946,-1.7621994
2102,0.51272523,0.24685568
2103,0.016609028,1.9169848
2104,-3.4883578,-1.2423908
2105,1.2658919,-0.71757305
2106,0.27819324,1.1126922
2107,0.27903152,1.1021043
2108,0.6069873,-0.39069912
2109,0.65696687,-0.46280244
2110,-0.38382733,-0.67547023
2111,1.696712,-0.7871444
2112,-0.53499305,-0.8181988
2113,-0.44144917,-0.61588645
2114,-0.7878405,-0.47322026
2115,-2.9801674,-1.8543159
2116,-3.111337,-2.0182328
2117,-2.1517758,-2.2990193
2118,3.4666495,-0.7412286
2119,-0.8361273,-0.55720544
2120,-0.84291553,-0.55843556
2121,1.3322502,-0.59603953
2122,0.18905564,2.410001
2123,0.4917884,-0.6196809
2124,2.3841102,0.22982964
2125,0.4879843,0.55646104
2126,-1.4965625,3.506843
2127,-1.8970503,-0.6611907
2128,0.44620126,0.44174203
2129,-2.7978632,4.1927605
2130,0.24439563,-0.6294724
2131,0.19025756,-0.84090495
2132,0.24423124,-1.3221905
2133,-0.04845892,-3.2065346
2134,0.21067156,0.45340344
2135,-1.1668005,-0.87472093
2136,-0.9571831,-0.74418265
2137,-0.4270178,1.5246545
2138,1.0585073,-0.9720453
2139,2.4690385,0.37581894
2140,0.31674016,-0.85096157
2141,0.30719167,-0.83774674
2142,0.2150606,-0.8880489
2143,0.21738698,-0.9015602
2144,0.19551183,-0.8921336
2145,0.19913079,-0.84807473
2146,0.2786975,-0.70904297
2147,0.2903639,0.2273629
2148,0.3274817,-1.5816041
2149,0.35269934,-0.78508896
2150,0.3613516,-0.78177285
2151,-0.77088404,-0.35568538
2152,0.18862559,-0.78081906
2153,-0.37960684,-0.7319644
2154,-0.38631403,-0.7355214
2155,0.253309,-1.0611192
2156,0.31734365,0.22892627
2157,1.925442,1.3130254
2158,-0.69472253,-0.39479235
2159,1.110552,-0.7436273
2160,0.2757107,-0.497933
2161,-0.08665855,4.4832025
2162,0.20661856,-0.9184817
2163,0.2466758,-1.1056105
2164,0.24702336,-1.0742218
2165,0.24156566,-1.1096414
2166,1.0992959,-0.76481444
2167,1.1265608,-0.7742883
2168,0.22155203,-0.979205
2169,0.21095122,-0.8552424
2170,0.21998622,-1.0479686
2171,0.22643502,0.588575
2172,0.2152244,-1.0526959
2173,0.2515285,-0.5245307
2174,-0.1206228,-3.3412116
2175,0.20473541,-0.8658886
2176,-0.8897817,3.1528187
2177,-0.95216286,-0.6851857
2178,0.20640673,0.59598917
2179,0.18734832,0.5654907
2180,0.13370235,1.0308796
2181,0.21887727,0.44030234
2182,0.16817738,-0.9114425
2183,-0.87616134,-0.5877294
2184,0.30579805,-0.4964634
2185,-0.6122762,-0.39352873
2186,0.41843563,-0.94838977
2187,0.31847978,-1.0350381
2188,3.1786668,-0.788656
2189,0.5588006,-0.7651819
2190,-0.79048073,1.1615698
2191,0.24798949,-0.9167031
2192,0.29071856,-3.7907426
2193,0.44895184,-1.790778
2194,-0.78543246,1.1746633
2195,0.3281849,-0.7726457
2196,0.3015287,-0.7715867
2197,0.27338195,-0.95087826
2198,-0.5910784,-4.3572063
2199,0.123203054,-3.582156
2200,0.14257689,-3.5931885
2201,0.35975695,-0.87212527
2202,-0.9488104,-0.68380606
2203,0.6122565,0.047173746
2204,0.6109207,0.06406469
2205,0.39604348,-0.97877836
2206,0.61049634,0.104080416
2207,0.9470122,-0.74835515
2208,0.21276434,0.52560544
2209,0.40038788,0.49395326
2210,0.9653714,-0.57881725
2211,0.16370083,-0.91362566
2212,0.47702956,-2.5706575
2213,0.26947033,0.15776125
2214,0.18329562,-0.7901126
2215,-0.15670954,-0.5954671
2216,0.10140289,0.40008447
2217,0.18342854,-1.0568483
2218,0.17686369,-1.0468743
2219,0.37837398,0.44262883
2220,0.46723193,-0.65965307
2221,0.48012227,-0.65269506
2222,0.23105134,-0.68982375
2223,0.5839869,-0.9845377
2224,0.23280217,-1.0997919
2225,0.62440825,-0.6651933
2226,0.2240692,0.4747049
2227,0.6219283,-0.8966232
2228,0.3024919,-0.52695966
2229,0.2993796,-0.5596034
2230,1.1181583,-0.49222308
2231,0.27925873,-1.180629
2232,0.38809568,-0.8035431
2233,-2.7816792,-2.0842357
2234,-0.6092789,-0.3704249
2235,0.21369524,0.513651
2236,0.17569555,-0.7466359
2237,1.0049746,-1.2519938
2238,-0.2650876,-0.45174325
2239,1.197556,0.90187025
2240,0.5509979,-0.43328324
2241,0.5403787,-0.45499638
2242,1.2673635,0.9225973
2243,0.370952,-1.0850664
2244,0.37146276,-1.0850432
2245,0.1692952,-0.86910236
2246,0.28790545,-0.46981826
2247,1.7568238,-1.1639135
2248,0.19585158,-0.64314055
2249,-0.14759968,-0.68727636
2250,1.7469308,-1.0330942
2251,-0.4947042,1.8321254
2252,0.21037354,-0.5952333
2253,0.20524396,-0.61892605
2254,0.17166854,-1.5671765
2255,2.6498954,-0.91664207
2256,0.868009,-1.7580146
2257,0.23179449,-1.6173525
2258,0.26117504,-0.95855093
2259,0.312096,0.46196368
2260,0.31217158,-0.77014846
2261,-0.9037057,-0.63226324
2262,0.20332684,0.57302725
2263,0.29481733,-0.7287663
2264,0.40375912,-0.5366391
2265,1.2709994,0.88463885
2266,3.1019137,-0.6279385
2267,0.31586784,-1.3778921
2268,0.27308893,0.63500917
2269,-0.7102051,1.0596312
2270,0.28498328,0.18391776
2271,0.38619947,0.15933156
2272,0.21157886,0.44773677
2273,0.3299731,-0.8619507
2274,0.33429348,-0.8711308
2275,2.3489542,0.26713976
2276,0.22117247,0.5894521
2277,0.29330862,-1.0058668
2278,0.1820019,-1.34893
2279,2.8039706,-1.2323467
2280,0.21591605,0.40159908
2281,0.21470977,0.40354404
2282,0.21014501,0.40142974
2283,1.216347,-3.1670527
2284,0.255068,-0.9183858
2285,-2.4670923,2.3960857
2286,-0.1514843,-3.8172503
2287,-0.033728644,-2.727262
2288,0.23835362,-0.96748275
2289,0.3656441,-0.8375225
2290,0.18837453,-1.0454707
2291,-0.83307767,-0.5331387
2292,0.41465706,0.13491246
2293,0.20664789,-0.66692096
2294,0.54852426,-0.5484885
2295,3.041702,-0.9168786
2296,0.22864772,-0.59608805
2297,-0.63477385,-0.39291206
2298,-0.7441075,-0.52418995
2299,0.6595634,-0.46058583
2300,0.21318515,-1.0541673
2301,1.7249209,-1.0307312
2302,0.21676017,0.40347895
2303,-0.42055815,1.9279126
2304,-0.9670148,1.1891404
2305,-0.525422,1.5573696
2306,0.3671168,-0.950426
2307,0.257321,0.65683615
2308,0.24083997,-0.705851
2309,0.4248287,-1.0073533
2310,0.2775582,-0.72209984
2311,0.23622896,-0.86458445
2312,0.18407322,-0.75901234
2313,2.5532653,-0.9927068
2314,3.3994515,-0.9777987
2315,1.119644,-0.618382
2316,-1.349221,-1.1428808
2317,0.21491696,0.53709054
2318,-2.1378164,4.412864
2319,0.26709217,-1.3504804
2320,0.41317403,-1.6313039
2321,-0.1086254,1.7694559
2322,0.032125548,0.4384751
2323,0.75118285,-0.66407233
2324,0.7327887,-0.61400956
2325,0.36753356,0.22490472
2326,3.6469357,-1.5281363
2327,0.24126603,-0.84482014
2328,0.2934307,-0.6638319
2329,-0.01490508,-0.74845064
2330,0.23044355,0.4729527
2331,-0.21104263,-0.46854296
2332,0.15936173,-0.46474174
2333,0.41775155,-0.7762508
2334,0.7379514,-0.7304683
2335,-0.01305069,1.8775675
2336,0.037979946,1.9512047
2337,-0.18200146,-4.5037284
2338,0.28166443,-0.81033856
2339,1.6594089,-0.80587864
2340,1.1593026,0.92558163
2341,0.29781294,-0.69505477
2342,0.22179867,-0.7142202
2343,0.18034329,-0.89192986
2344,0.09972918,2.3449028
2345,0.17895271,-0.73340595
2346,0.50818515,-0.79377854
2347,0.28818798,-0.6033273
2348,0.2345903,-0.7299007
2349,3.644336,-1.0487763
2350,0.3068818,-1.5721349
2351,0.28212,-1.3758074
2352,0.24512745,0.58133775
2353,0.2386985,-0.68388855
2354,0.3245182,-0.62302387
2355,-0.14071308,-2.9730117
2356,0.21608688,-0.8670041
2357,0.22488339,0.50215703
2358,0.30413723,-0.5940233
2359,-0.6546067,-4.5636854
2360,-1.7563367,3.2907255
2361,1.3959689,2.0987165
2362,-0.6695049,-1.0879289
2363,0.060141638,-3.2360084
2364,0.31229997,-0.53084373
2365,0.27007532,0.57938075
2366,0.2889598,0.56201625
2367,0.32199425,-0.69433165
2368,0.3255505,-0.69148886
2369,0.19008268,-0.9591678
2370,0.3726266,-0.81186044
2371,-0.31470835,-0.6017522
2372,0.27754664,-0.65230376
2373,0.27115393,-0.6712403
2374,0.2790748,-0.6874725
2375,2.1123564,-1.1703632
2376,0.21436663,0.5949302
2377,2.3113978,0.4610698
2378,0.3476267,0.1814062
2379,0.236089,-0.7575854
2380,1.6857027,-0.5316653
2381,0.45518118,0.5213798
2382,0.21206321,0.5865251
2383,0.34893447,0.19066063
2384,0.23102088,0.5930848
2385,0.27779043,-0.9376594
